feature_id	JS_Ming_3	HN_WestZhou_2	GS_WestZhou_4
UNMAPPED	0.29547	0.46124	0
UNGROUPED	0.468808	0.51403	0
K00003	0.000175105	0.000210117	0
K00004	0	0	0.00000146
K00005	0.0000107	0.00000528	0
